{"room1": {"position": {"x": 0.00011609770960396837, "y": -1.982284880908125e-06, "z": 0.01853207830923973}, "orientation": {"x": 4.93580909381791e-05, "y": 0.002868728750132307, "z": 4.20325036004734e-07, "w": 0.9999958839710094}}, "front_door": {"position": {"x": 2.4531303181776485, "y": -1.5350283169539432, "z": 0.01852872522589115}, "orientation": {"x": 0.0018120698784934981, "y": 0.002221237235442462, "z": -0.6215756116340785, "w": 0.783348927062277}}, "dining_room": {"position": {"x": -0.8414603526124114, "y": -0.4388937725547444, "z": 0.018526703828062756}, "orientation": {"x": -0.0022002496053662715, "y": 0.0018383304288705573, "z": 0.7739783052962548, "w": 0.6332056240856092}}}