{"Room5": {"position": {"x": 3.0001277988157913, "y": 2.9999979977643254, "z": 0.01853211657238029}, "orientation": {"x": 4.935168865615362e-05, "y": 0.002867084088293936, "z": 2.901537736607936e-06, "w": 0.9999958886839598}}}