{"living_room": {"position": {"x": -0.8122391942062679, "y": -0.3313023671074422, "z": 1.418535007292856}, "orientation": {"x": -0.0028565926994751846, "y": 0.00027427877724325736, "z": 0.9974110313162233, "w": 0.07185401351357777}}, "dining_room": {"position": {"x": -4.5713774688474125, "y": 1.312073012696441, "z": 1.218528848476768}, "orientation": {"x": 0.002305137255772896, "y": 0.0017020833568858996, "z": -0.7849242881145787, "w": 0.6195850637178887}}, "kitchen": {"position": {"x": -4.808152440413759, "y": -2.534718413769279, "z": 1.0185263355303695}, "orientation": {"x": -0.0018227011473786311, "y": 0.0022139509710548924, "z": 0.6384592731597346, "w": 0.7696502664834}}, "front_door": {"position": {"x": 2.3964625883805746, "y": -1.226676912958312, "z": 0.8185342042230939}, "orientation": {"x": 0.0017821066470980384, "y": 0.002222474795066436, "z": -0.6416144437245719, "w": 0.7670220272623806}}, "bedroom": {"position": {"x": 4.595577773915123, "y": 1.5243060468129515, "z": 0.6185301837768074}, "orientation": {"x": -0.0018866701237132877, "y": 0.0021444737447459737, "z": 0.6731327678737974, "w": 0.7395161381084004}}, "closet": {"position": {"x": 2.938555676889779, "y": 3.052728139641225, "z": 0.4185342892382893}, "orientation": {"x": 0.0017586051146687817, "y": 0.002386728517439386, "z": -0.3562007581282201, "w": 0.9344047467473161}}, "office": {"position": {"x": 7.723954312983611, "y": -2.4640956827711715, "z": 0.21852938856791165}, "orientation": {"x": -0.002173324453921785, "y": 0.0018692598993079981, "z": 0.7710585235479317, "w": 0.6367578313553203}}}